{
  "main.py": 1783010054.569725,
  "dashboard.py": 1783012190.3946338,
  "config.py": 1783009856.2433,
  "modules/__init__.py": 1783009859.8564472,
  "modules/data_fetcher.py": 1783010246.3608975,
  "modules/indicators.py": 1783009901.4967542,
  "modules/learning.py": 1783010008.9008996,
  "modules/strategy.py": 1783009959.7619636,
  "modules/trade_logger.py": 1783009976.7544477,
  "modules/portfolio.py": 1783009929.648085,
  "requirements.txt": 1783010204.0752075,
  "README.md": 1783010823.226435
}